Test Case,Weight,EV,Carpool,Result,TCI Tested
1,0,FALSE,FALSE,IllegalArgumentException,"EP1, BVA1"
2,-1,FALSE,FALSE,IllegalArgumentException,"EP1, BVA2"
3,1,FALSE,FALSE,0,"EP2, BVA3"
4,600,FALSE,FALSE,0,"EP2, DT4"
5,1199,FALSE,FALSE,0,"EP2, BVA4"
6,1200,FALSE,FALSE,0,"EP2, BVA5"
7,1201,FALSE,FALSE,0,"EP3, BVA6"
8,2500,FALSE,FALSE,0,"EP3, DT4"
9,2500,TRUE,FALSE,0.1,"EP3, DT3"
10,2500,FALSE,TRUE,0.1,"EP3, DT2"
11,2500,TRUE,TRUE,0.15,"EP3, DT1"
12,3499,FALSE,FALSE,0,"EP3, BVA7"
13,3500,FALSE,FALSE,0,"EP3, BVA8"
14,3501,FALSE,FALSE,0.05,"EP4, BVA9"
15,4000,TRUE,FALSE,0.05,"EP4, DT3"
16,4000,FALSE,TRUE,0.05,"EP4, DT2"
17,4000,TRUE,TRUE,0.25,"EP4, DT1"
18,4000,FALSE,FALSE,0.05,"EP4, DT4"